"snp","chr","pos","rmip","significant"
"S1_12933620",1,12933620,0.01,"no"
"S1_15879169",1,15879169,0.01,"no"
"S1_18171103",1,18171103,0.01,"no"
"S1_25238121",1,25238121,0.01,"no"
"S1_52176869",1,52176869,0.01,"no"
"S1_76694388",1,76694388,0.01,"no"
"S1_78787997",1,78787997,0.01,"no"
"S1_79471164",1,79471164,0.01,"no"
"S1_79513965",1,79513965,0.01,"no"
"S2_2174556",2,2174556,0.01,"no"
"S2_2625340",2,2625340,0.01,"no"
"S2_3739131",2,3739131,0.01,"no"
"S2_6276267",2,6276267,0.01,"no"
"S2_6391142",2,6391142,0.01,"no"
"S2_6396174",2,6396174,0.01,"no"
"S2_8695559",2,8695559,0.01,"no"
"S2_10880717",2,10880717,0.01,"no"
"S2_14789579",2,14789579,0.01,"no"
"S2_22823971",2,22823971,0.01,"no"
"S2_25738044",2,25738044,0.01,"no"
"S2_31290335",2,31290335,0.01,"no"
"S2_57254011",2,57254011,0.01,"no"
"S2_58688364",2,58688364,0.01,"no"
"S2_65321327",2,65321327,0.01,"no"
"S2_65889938",2,65889938,0.01,"no"
"S2_67491488",2,67491488,0.01,"no"
"S2_73138586",2,73138586,0.01,"no"
"S3_2740470",3,2740470,0.01,"no"
"S3_15689523",3,15689523,0.01,"no"
"S3_60575910",3,60575910,0.01,"no"
"S3_63789358",3,63789358,0.01,"no"
"S3_70540318",3,70540318,0.01,"no"
"S4_37522762",4,37522762,0.01,"no"
"S4_45676025",4,45676025,0.01,"no"
"S4_48571156",4,48571156,0.01,"no"
"S4_53495959",4,53495959,0.01,"no"
"S4_65553590",4,65553590,0.01,"no"
"S4_66415311",4,66415311,0.01,"no"
"S4_67745003",4,67745003,0.01,"no"
"S5_5795389",5,5795389,0.01,"no"
"S5_22258172",5,22258172,0.01,"no"
"S5_22322739",5,22322739,0.01,"no"
"S5_47470998",5,47470998,0.01,"no"
"S5_51045224",5,51045224,0.01,"no"
"S5_52139868",5,52139868,0.01,"no"
"S6_2522156",6,2522156,0.01,"no"
"S6_22032076",6,22032076,0.01,"no"
"S6_27014271",6,27014271,0.01,"no"
"S6_40528839",6,40528839,0.01,"no"
"S6_41878476",6,41878476,0.01,"no"
"S6_41889022",6,41889022,0.01,"no"
"S6_42181030",6,42181030,0.01,"no"
"S6_42788998",6,42788998,0.01,"no"
"S6_45026492",6,45026492,0.01,"no"
"S6_45163931",6,45163931,0.01,"no"
"S6_47659525",6,47659525,0.01,"no"
"S6_48814360",6,48814360,0.01,"no"
"S6_48832005",6,48832005,0.01,"no"
"S6_50555254",6,50555254,0.01,"no"
"S6_50557504",6,50557504,0.01,"no"
"S6_52691479",6,52691479,0.01,"no"
"S6_53941222",6,53941222,0.01,"no"
"S7_1235848",7,1235848,0.01,"no"
"S7_1555040",7,1555040,0.01,"no"
"S7_3255729",7,3255729,0.01,"no"
"S7_9226399",7,9226399,0.01,"no"
"S7_9947025",7,9947025,0.01,"no"
"S7_10020959",7,10020959,0.01,"no"
"S7_17509502",7,17509502,0.01,"no"
"S7_19903513",7,19903513,0.01,"no"
"S7_19974280",7,19974280,0.01,"no"
"S7_21718162",7,21718162,0.01,"no"
"S7_30133833",7,30133833,0.01,"no"
"S7_37187877",7,37187877,0.01,"no"
"S7_43055971",7,43055971,0.01,"no"
"S7_52537896",7,52537896,0.01,"no"
"S7_56526911",7,56526911,0.01,"no"
"S7_58506989",7,58506989,0.01,"no"
"S7_59787744",7,59787744,0.01,"no"
"S7_59787914",7,59787914,0.01,"no"
"S7_59810341",7,59810341,0.01,"no"
"S7_60291197",7,60291197,0.01,"no"
"S7_61086211",7,61086211,0.01,"no"
"S8_449090",8,449090,0.01,"no"
"S8_2048424",8,2048424,0.01,"no"
"S8_5095167",8,5095167,0.01,"no"
"S8_5157298",8,5157298,0.01,"no"
"S8_13879603",8,13879603,0.01,"no"
"S8_13885926",8,13885926,0.01,"no"
"S8_13990412",8,13990412,0.01,"no"
"S8_47592509",8,47592509,0.01,"no"
"S8_59802986",8,59802986,0.01,"no"
"S8_60214774",8,60214774,0.01,"no"
"S9_5753672",9,5753672,0.01,"no"
"S9_47841305",9,47841305,0.01,"no"
"S9_50757859",9,50757859,0.01,"no"
"S9_52825002",9,52825002,0.01,"no"
"S9_56108757",9,56108757,0.01,"no"
"S9_56374899",9,56374899,0.01,"no"
"S9_56440914",9,56440914,0.01,"no"
"S9_56616837",9,56616837,0.01,"no"
"S9_57051085",9,57051085,0.01,"no"
"S9_57611460",9,57611460,0.01,"no"
"S9_57657830",9,57657830,0.01,"no"
"S10_1439362",10,1439362,0.01,"no"
"S10_1615219",10,1615219,0.01,"no"
"S10_5210939",10,5210939,0.01,"no"
"S10_6800436",10,6800436,0.01,"no"
"S10_6805148",10,6805148,0.01,"no"
"S10_50226742",10,50226742,0.01,"no"
"S10_53891357",10,53891357,0.01,"no"
"S10_58990563",10,58990563,0.01,"no"
"S10_60963505",10,60963505,0.01,"no"
"S1_6296286",1,6296286,0.02,"no"
"S1_76743897",1,76743897,0.02,"no"
"S1_78290985",1,78290985,0.02,"no"
"S1_78874934",1,78874934,0.02,"no"
"S2_6406247",2,6406247,0.02,"no"
"S2_6685690",2,6685690,0.02,"no"
"S3_45316802",3,45316802,0.02,"no"
"S3_45932832",3,45932832,0.02,"no"
"S3_67080370",3,67080370,0.02,"no"
"S4_42249101",4,42249101,0.02,"no"
"S4_43173409",4,43173409,0.02,"no"
"S4_63430527",4,63430527,0.02,"no"
"S5_4372034",5,4372034,0.02,"no"
"S5_6637631",5,6637631,0.02,"no"
"S6_11524516",6,11524516,0.02,"no"
"S6_41901553",6,41901553,0.02,"no"
"S6_43670582",6,43670582,0.02,"no"
"S6_44050445",6,44050445,0.02,"no"
"S6_47659506",6,47659506,0.02,"no"
"S6_47698020",6,47698020,0.02,"no"
"S7_59810370",7,59810370,0.02,"no"
"S8_13885935",8,13885935,0.02,"no"
"S9_49925961",9,49925961,0.02,"no"
"S9_57611406",9,57611406,0.02,"no"
"S1_7825506",1,7825506,0.03,"no"
"S1_50929643",1,50929643,0.03,"no"
"S1_59359503",1,59359503,0.03,"no"
"S1_77988217",1,77988217,0.03,"no"
"S3_9048649",3,9048649,0.03,"no"
"S5_66910031",5,66910031,0.03,"no"
"S6_42778947",6,42778947,0.03,"no"
"S6_43658950",6,43658950,0.03,"no"
"S7_19848872",7,19848872,0.03,"no"
"S7_38853776",7,38853776,0.03,"no"
"S1_78787985",1,78787985,0.04,"no"
"S2_20524782",2,20524782,0.04,"no"
"S3_1678185",3,1678185,0.04,"no"
"S3_71332143",3,71332143,0.04,"no"
"S4_66854733",4,66854733,0.04,"no"
"S7_59796575",7,59796575,0.04,"no"
"S9_57065264",9,57065264,0.04,"no"
"S9_57004218",9,57004218,0.05,"yes"
"S6_41220100",6,41220100,0.07,"yes"
"S1_78291738",1,78291738,0.08,"yes"
"S3_71925075",3,71925075,0.08,"yes"
"S2_6406243",2,6406243,0.11,"yes"
"S8_45638928",8,45638928,0.11,"yes"
"S9_57060473",9,57060473,0.13,"yes"
"S1_77830606",1,77830606,0.14,"yes"
"S7_59614079",7,59614079,0.21,"yes"
"S9_57065277",9,57065277,0.22,"yes"
"S6_43670583",6,43670583,0.32,"yes"
"S9_57172609",9,57172609,0.48,"yes"
